City,Lat,Lng,Max Temp,Humidity,Cloudiness,Wind Speed,Country,date
Minbu,20.1833,94.8833,76.91,31,0,3.51,MM,1615661466
Tuktoyaktuk,69.4541,-133.0374,-13.0,77,90,5.75,CA,1615661467
Cape Town,-33.9258,18.4232,72.0,78,75,9.22,ZA,1615661171
Bluff,-46.6,168.3333,46.99,88,4,1.01,NZ,1615661469
Kochubey,44.3861,46.5825,28.76,88,17,13.27,RU,1615661471
San Quintín,30.4833,-115.95,58.3,56,24,10.92,MX,1615661472
Altamont,42.2068,-121.7372,48.0,49,1,2.71,US,1615661473
Los Llanos de Aridane,28.6585,-17.9182,66.2,68,75,9.22,ES,1615661475
Verkhotur'ye,58.8627,60.8054,13.32,88,0,9.33,RU,1615661476
Verkh-Usugli,52.7,115.1667,20.82,92,100,2.17,RU,1615661477
Whitefish,48.4111,-114.3376,45.0,42,1,5.75,US,1615661478
Lebu,-37.6167,-73.65,64.2,66,0,9.55,CL,1615661480
Santa María del Oro,25.9333,-105.3667,80.37,12,9,31.0,MX,1615661481
Henties Bay,-22.116,14.2845,64.99,94,48,4.0,NA,1615661482
Mataura,-46.1927,168.8643,46.99,88,1,1.01,NZ,1615661483
Frankfort,-27.2667,28.4833,63.55,34,5,7.43,ZA,1615661485
Iracoubo,5.4802,-53.2011,80.06,78,92,5.7,GF,1615661486
Ust-Kuyga,70.0167,135.6,-17.97,87,0,6.76,RU,1615661487
Atuona,-9.8,-139.0333,79.05,62,79,4.59,PF,1615661489
Bathsheba,13.2167,-59.5167,84.2,61,40,17.27,BB,1615661490
Chervona Sloboda,49.3789,32.1464,35.42,97,100,7.38,UA,1615661491
Santa Maria,-29.6842,-53.8069,87.17,31,0,6.4,BR,1615661492
Hobart,-42.8794,147.3294,48.2,57,1,10.36,AU,1615661494
Turaif,31.6725,38.6637,53.6,58,0,6.91,SA,1615661495
Grindavik,63.8424,-22.4338,28.4,69,75,19.57,IS,1615661496
Port Alfred,-33.5906,26.891,72.0,88,89,8.99,ZA,1615661438
Bergen,60.392,5.328,37.0,100,75,4.61,NO,1615661499
Oiã,40.5426,-8.5386,55.99,75,0,6.58,PT,1615661500
Hermanus,-34.4187,19.2345,73.99,61,2,1.99,ZA,1615661501
Busselton,-33.65,115.3333,52.0,87,0,11.9,AU,1615661502
Takoradze,4.8845,-1.7554,81.03,81,100,7.94,GH,1615661504
Hilo,19.7297,-155.09,71.6,78,90,4.61,US,1615661505
General Roca,-39.0333,-67.5833,89.6,22,0,6.91,AR,1615661506
Hithadhoo,-0.6,73.0833,84.54,65,15,7.67,MV,1615661508
Rikitea,-23.1203,-134.9692,79.95,75,46,5.91,PF,1615661509
Katsuura,35.1333,140.3,51.8,82,75,8.05,JP,1615661223
Zaoyang,32.1272,112.7542,52.16,86,0,9.93,CN,1615661511
Alexandria,31.2156,29.9553,59.0,63,0,9.22,EG,1615661512
Vrangel',42.7297,133.0839,34.65,59,0,6.49,RU,1615661514
Saint Paul Harbor,57.79,-152.4072,26.6,36,1,19.57,US,1615661515
Kapaa,22.0752,-159.319,71.6,78,90,26.46,US,1615661412
Mahajanga,-15.7167,46.3167,78.8,89,20,3.44,MG,1615661517
Bilma,18.6853,12.9164,84.6,9,0,6.2,NE,1615661519
Chokurdakh,70.6333,147.9167,-20.83,94,0,4.47,RU,1615661520
Narsaq,60.9167,-46.05,24.8,50,75,4.61,GL,1615661521
Rio Verde de Mato Grosso,-18.9181,-54.8442,84.6,67,74,4.94,BR,1615661406
Tarakan,3.3,117.6333,78.3,82,26,2.89,ID,1615661358
Hay River,60.8156,-115.7999,-4.0,65,100,5.75,CA,1615661525
Faya,18.3851,42.4509,68.0,68,0,6.78,SA,1615661526
Ushuaia,-54.8,-68.3,44.6,70,75,37.98,AR,1615661302
Chui,-33.6971,-53.4616,73.44,60,26,10.65,UY,1615661528
Tuy Hoa,13.0833,109.3,73.04,90,74,6.42,VN,1615661529
Sabha,27.0377,14.4283,75.04,18,97,23.55,LY,1615661531
Dikson,73.5069,80.5464,-21.15,96,100,16.98,RU,1615661532
Deputatsky,69.3,139.9,-24.52,75,0,2.71,RU,1615661533
Avera,33.194,-82.5271,78.8,44,40,6.91,US,1615661535
Lompoc,34.6391,-120.4579,53.6,71,90,9.22,US,1615661353
Faanui,-16.4833,-151.75,83.16,72,24,10.51,PF,1615661537
Yellowknife,62.456,-114.3525,-2.99,64,75,6.91,CA,1615661538
Ust-Nera,64.5667,143.2,-25.44,98,1,2.95,RU,1615661539
Maba,24.6841,113.5984,66.63,82,13,2.17,CN,1615661541
Saint-Philippe,-21.3585,55.7679,78.8,73,0,13.8,RE,1615661542
Cap Malheureux,-19.9842,57.6142,78.01,79,100,4.0,MU,1615661543
Moose Factory,51.2585,-80.6094,23.0,80,90,14.97,CA,1615661545
Tiksi,71.6872,128.8694,-1.91,90,100,10.42,RU,1615661546
Yueyang,29.3333,113.0919,55.18,85,0,2.13,CN,1615661547
Carnarvon,-24.8667,113.6333,82.4,61,40,10.36,AU,1615661548
Makakilo City,21.3469,-158.0858,71.6,78,1,11.5,US,1615661550
Bredasdorp,-34.5322,20.0403,66.2,82,22,2.3,ZA,1615661551
Ovalle,-30.5983,-71.2003,82.96,33,0,10.98,CL,1615661291
Vostok,46.4856,135.8833,19.2,68,100,1.79,RU,1615661553
Salalah,17.0151,54.0924,78.8,69,0,2.3,OM,1615661401
Ribeira Grande,38.5167,-28.7,60.8,94,75,19.57,PT,1615661556
Poum,-20.2333,164.0167,78.76,75,96,14.45,NC,1615661427
Mildura,-34.2,142.15,50.0,81,0,8.05,AU,1615661558
Buraidah,26.326,43.975,66.2,42,0,6.91,SA,1615661559
Jamestown,42.097,-79.2353,39.0,40,1,11.45,US,1615661560
Marabu,4.4148,114.0089,77.0,94,40,3.24,MY,1615661562
Kiryat Gat,31.61,34.7642,60.01,85,0,1.01,IL,1615661563
Ranong,9.9658,98.6348,75.18,91,13,4.23,TH,1615661557
New Norfolk,-42.7826,147.0587,43.0,66,6,2.86,AU,1615661407
Alta Floresta,-9.8756,-56.0861,77.0,88,75,9.22,BR,1615661566
Lüderitz,-26.6481,15.1594,68.14,78,0,13.91,NA,1615661399
Mandalgovi,45.7625,106.2708,40.08,29,64,10.51,MN,1615661569
Turukhansk,65.8167,87.9833,-31.27,95,0,6.31,RU,1615661570
Airai,-8.9266,125.4092,60.35,95,100,0.98,TL,1615661572
Cabo San Lucas,22.8909,-109.9124,73.99,68,1,11.5,MX,1615661402
Tura,25.5198,90.2201,64.72,60,0,1.52,IN,1615661574
Sorong,-0.8833,131.25,77.52,85,100,3.22,ID,1615661575
Dingle,10.9995,122.6711,74.01,96,100,4.05,PH,1615661438
Port Moresby,-9.4431,147.1797,75.2,100,75,8.05,PG,1615661577
Babīna,25.25,78.4667,76.41,31,0,3.91,IN,1615661579
Flinders,-34.5833,150.8552,69.01,84,100,5.99,AU,1615661580
Constitución,-35.3333,-72.4167,66.27,68,32,6.42,CL,1615661581
Pevek,69.7008,170.3133,-1.32,98,100,8.59,RU,1615661485
Qaanaaq,77.484,-69.3632,0.59,71,100,4.09,GL,1615661584
Olivença,-9.5186,-37.1906,90.52,39,66,14.83,BR,1615661585
Matelândia,-25.2408,-53.9964,93.2,29,0,8.05,BR,1615661586
Viedma,-40.8135,-62.9967,86.7,18,0,7.07,AR,1615661587
Albany,42.6001,-73.9662,41.0,26,0,4.0,US,1615661313
Abnūb,27.2696,31.1511,60.8,41,0,13.8,EG,1615661590
Punta Arenas,-53.15,-70.9167,51.8,43,20,28.77,CL,1615661400
Mahébourg,-20.4081,57.7,80.6,78,40,6.91,MU,1615661592
Butaritari,3.0707,172.7902,80.71,81,85,10.67,KI,1615661593
Guerrero Negro,27.9769,-114.0611,61.97,45,0,18.61,MX,1615661595
Collie,-33.3667,116.15,52.0,78,0,7.29,AU,1615661596
Chalmette,29.9427,-89.9634,79.0,53,20,4.61,US,1615661597
Hamilton,39.1834,-84.5333,52.0,37,1,3.27,US,1615661485
Oriximiná,-1.7656,-55.8661,85.77,65,67,3.51,BR,1615661599
Zambezi,-13.5432,23.1047,67.77,91,99,3.8,ZM,1615661601
Terra Santa,-2.1042,-56.4869,87.93,59,31,3.36,BR,1615661602
Hofn,64.2539,-15.2082,33.46,59,100,20.6,IS,1615661602
Impfondo,1.6381,18.0667,75.45,82,21,1.25,CG,1615661604
Barrow,71.2906,-156.7887,-11.2,64,1,14.97,US,1615661521
Amga,60.8953,131.9608,16.79,95,100,5.93,RU,1615661607
Cherskiy,68.75,161.3,-6.99,96,100,19.51,RU,1615661608
Port Keats,-14.25,129.55,80.37,80,95,2.44,AU,1615661609
Kuytun,54.3419,101.5036,12.09,89,100,22.32,RU,1615661611
La Rioja,42.25,-2.5,53.6,54,20,3.44,ES,1615661441
Okha,53.5739,142.9478,23.14,95,70,10.11,RU,1615661613
Tuatapere,-46.1333,167.6833,46.99,88,1,1.01,NZ,1615661440
Saint Anthony,45.0205,-93.218,57.2,30,1,9.22,US,1615661615
Husavik,66.0449,-17.3389,24.8,68,40,6.91,IS,1615661492
Nānākuli,21.3906,-158.1547,71.6,78,1,11.5,US,1615661618
Soe,-9.8607,124.284,65.93,95,69,2.77,ID,1615661619
Cascais,38.6979,-9.4215,57.0,58,20,17.27,PT,1615661620
Broome,42.2506,-75.833,37.99,48,0,4.0,US,1615661443
Khani,41.9563,42.9566,46.4,46,0,14.97,GE,1615661623
Vaini,-21.2,-175.2,71.6,94,40,1.14,TO,1615661408
Sokolo,14.7328,-6.1219,79.52,10,4,9.93,ML,1615661625
Bosaso,11.2842,49.1816,77.22,71,0,2.62,SO,1615661626
Chālūs,36.655,51.4204,39.2,87,40,2.3,IR,1615661394
Dniprorudne,47.3817,34.9765,35.6,93,75,6.71,UA,1615661628
Hobyo,5.3505,48.5268,80.51,78,98,13.71,SO,1615661630
Arrondissement de Tulle,45.3333,1.8333,45.0,48,84,3.0,FR,1615661631
Ponta do Sol,32.6667,-17.1,61.0,68,98,1.99,PT,1615661632
Qaqortoq,60.7167,-46.0333,24.8,50,75,4.61,GL,1615661633
Dalmau,26.0667,81.0333,74.05,34,0,5.1,IN,1615661635
Wonosobo,-7.36,109.9025,67.17,87,100,0.92,ID,1615661636
Yambio,4.5721,28.3955,77.67,49,5,1.3,SS,1615661637
Tautira,-17.7333,-149.15,84.2,70,20,3.44,PF,1615661409
Tazovsky,67.4667,78.7,-14.73,83,99,15.05,RU,1615661640
College,64.8569,-147.8028,-25.6,68,1,2.8,US,1615661641
Bambous Virieux,-20.3428,57.7575,80.6,78,40,6.91,MU,1615661642
Klaksvík,62.2266,-6.589,41.0,93,75,34.52,FO,1615661643
Ciudad del Carmen,18.6333,-91.8333,84.2,61,20,11.5,MX,1615661607
Butembo,0.15,29.2833,64.24,58,85,3.51,CD,1615661646
Shiyan,32.6475,110.7781,48.0,64,73,4.0,CN,1615661647
Kuala Terengganu,5.3302,103.1408,78.8,89,20,3.44,MY,1615661648
Kruisfontein,-34.0033,24.7314,71.01,68,52,1.01,ZA,1615661650
Avarua,-21.2078,-159.775,80.6,78,20,8.05,CK,1615661651
Cayenne,4.9333,-52.3333,86.0,66,20,11.5,GF,1615661652
Egvekinot,66.3167,-179.1667,23.47,97,100,4.56,RU,1615661654
Goderich,43.7501,-81.7165,32.0,55,0,14.97,CA,1615661655
Evensk,61.95,159.2333,-2.06,73,100,4.18,RU,1615661656
San Cristobal,7.7669,-72.225,78.8,61,75,4.61,VE,1615661657
Stepnogorsk,52.3544,71.8869,-6.0,94,0,10.25,KZ,1615661659
Kurumkan,54.3,110.3,27.55,92,100,0.09,RU,1615661660
Khatanga,71.9667,102.5,-20.16,93,100,14.67,RU,1615661661
Severo-Kuril'sk,50.6789,156.125,27.45,82,18,12.01,RU,1615661469
Alofi,-19.0595,-169.9187,73.4,94,46,1.14,NU,1615661664
Valparaíso,-33.0393,-71.6273,64.4,72,20,5.75,CL,1615661665
Tarija,-21.5355,-64.7296,73.8,50,90,10.49,BO,1615661666
Beringovskiy,63.05,179.3167,15.33,92,64,4.59,RU,1615661667
Torbay,47.6666,-52.7314,42.8,45,20,17.27,CA,1615661669
Pisco,-13.7,-76.2167,75.2,83,0,10.36,PE,1615661502
Ostrovnoy,68.0531,39.5131,14.95,89,86,15.64,RU,1615661671
Oyama,36.3,139.8,55.99,76,20,6.91,JP,1615661672
Kodinsk,58.6881,99.1844,3.58,94,39,8.75,RU,1615661674
Puerto Ayora,-0.7393,-90.3518,84.2,74,40,11.5,EC,1615661675
East London,-33.0153,27.9116,77.0,83,0,9.22,ZA,1615661676
Kenai,60.5544,-151.2583,-11.2,83,1,3.44,US,1615661677
Coolum Beach,-26.5333,153.1,69.01,97,30,2.42,AU,1615661679
Ancud,-41.8697,-73.8203,70.0,63,0,8.05,CL,1615661401
Tomatlán,19.9333,-105.25,100.0,16,0,8.55,MX,1615661681
Klyuchi,52.2667,79.1667,-6.99,94,0,7.7,RU,1615661562
Centralia,46.7162,-122.9543,52.0,54,1,5.75,US,1615661642
Neijiang,29.5835,105.0622,67.53,54,100,5.55,CN,1615661684
Petrozavodsk,61.7849,34.3469,33.8,93,100,4.47,RU,1615661686
Roebourne,-20.7833,117.1333,81.03,67,82,12.37,AU,1615661687
Soyo,-6.1349,12.3689,81.09,83,97,8.12,AO,1615661688
Zyryanovsk,49.7386,84.2719,-12.08,99,45,0.65,KZ,1615661689
Vestmannaeyjar,63.4427,-20.2734,32.0,55,0,20.71,IS,1615661691
Fairbanks,64.8378,-147.7164,-25.6,75,1,2.73,US,1615661692
Upata,8.0086,-62.3989,82.99,75,100,3.0,VE,1615661480
Upernavik,72.7868,-56.1549,-3.37,87,0,8.95,GL,1615661475
Xining,36.6167,101.7667,48.07,18,100,1.66,CN,1615661695
New Glasgow,45.5834,-62.6486,28.4,80,100,35.68,CA,1615661600
Uray,60.1247,64.7758,11.68,87,0,8.5,RU,1615661698
Antequera,37.0194,-4.5612,60.8,82,0,5.75,ES,1615661699
Vila Franca do Campo,37.7167,-25.4333,59.0,94,20,13.8,PT,1615661553
Castro,-24.7911,-50.0119,80.46,56,22,5.32,BR,1615661702
Inhambane,-23.865,35.3833,80.6,78,20,4.61,MZ,1615661474
Yarim,14.298,44.3779,59.38,39,0,0.81,YE,1615661704
Arroyo de la Encomienda,41.6096,-4.7969,54.0,57,20,8.05,ES,1615661705
Tevaitoa,-16.7833,-151.5,82.53,76,8,13.47,PF,1615661706
Castrillón,43.3979,-6.7922,53.6,76,20,13.8,ES,1615661708
Zaozyornoye,45.1582,33.2787,43.0,51,100,3.0,UA,1615661709
Hasaki,35.7333,140.8333,50.0,81,20,4.61,JP,1615661710
Aripuanã,-9.1667,-60.6333,85.93,73,95,1.68,BR,1615661712
Bousso,10.4795,16.7117,93.76,21,12,6.62,TD,1615661713
Arraial do Cabo,-22.9661,-42.0278,87.8,66,0,9.22,BR,1615661419
Nemuro,43.3236,145.575,33.1,82,100,11.72,JP,1615661715
Marsabit,2.3284,37.9899,73.15,46,18,11.45,KE,1615661716
Andros,37.8333,24.9333,57.0,68,100,4.0,GR,1615661718
Pangai,-19.8,-174.35,78.8,89,40,2.3,TO,1615661719
Clyde River,70.4692,-68.5914,-4.0,77,40,19.57,CA,1615661446
Sinnamary,5.3833,-52.95,80.74,76,70,5.73,GF,1615661721
Lao Cai,22.4833,103.95,71.19,92,78,2.26,VN,1615661723
Comodoro Rivadavia,-45.8667,-67.5,64.4,63,40,10.36,AR,1615661724
Rundu,-17.9333,19.7667,73.38,65,72,5.53,NA,1615661725
Dehlorān,32.6941,47.2679,59.85,61,0,5.7,IR,1615661726
Mount Gambier,-37.8333,140.7667,41.0,100,40,4.61,AU,1615661586
Hong Kong,22.2855,114.1577,70.0,85,25,1.01,HK,1615661594
Aklavik,68.2191,-135.0107,-16.6,83,20,3.44,CA,1615661577
Salinópolis,-0.6136,-47.3561,81.12,82,100,8.19,BR,1615661731
Cherëmukhovo,60.3484,59.9851,9.88,88,1,7.29,RU,1615661732
Gīdam,18.9833,81.4,72.3,34,0,4.65,IN,1615661733
Beloha,-25.1667,45.05,75.52,79,15,18.75,MG,1615661401
Lorengau,-2.0226,147.2712,81.07,70,38,3.44,PG,1615661736
Marabba,12.35,32.1833,91.51,13,89,16.08,SD,1615661737
Geraldton,-28.7667,114.6,73.4,33,0,23.02,AU,1615661738
San Jose,37.3394,-121.895,57.99,58,75,4.61,US,1615661591
Lavrentiya,65.5833,-171.0,15.03,92,100,24.45,RU,1615661740
Yangi Marg`ilon,40.4272,71.7189,48.2,76,100,11.5,UZ,1615661742
Lianran,24.9227,102.485,57.0,66,0,11.18,CN,1615661537
Ponta Delgada,37.7333,-25.6667,59.0,94,20,13.8,PT,1615661744
Barcelos,41.5388,-8.6151,55.4,82,20,8.05,PT,1615661745
Balkhash,46.844,74.9804,9.41,58,100,24.27,KZ,1615661747
Sulangan,11.1373,123.7228,79.54,85,85,14.23,PH,1615661748
Trincomalee,8.5711,81.2335,80.96,80,16,14.43,LK,1615661749
Birjand,32.8663,59.2211,41.0,52,0,4.61,IR,1615661750
Kahului,20.8947,-156.47,68.0,94,90,6.91,US,1615661752
Laas,46.6166,10.7002,55.4,64,20,4.54,IT,1615661559
Port Blair,11.6667,92.75,79.47,73,14,2.28,IN,1615661754
Fortuna,40.5982,-124.1573,54.0,81,90,4.61,US,1615661755
Ossora,59.2353,163.0719,0.7,74,99,6.33,RU,1615661665
Huangmei,30.1924,116.025,51.85,87,0,3.96,CN,1615661758
Kormista,40.9833,24.05,52.0,91,0,4.0,GR,1615661759
Gravdal,68.1214,13.5031,39.2,93,75,9.22,NO,1615661760
Almaznyy,48.0448,40.045,33.8,86,75,8.95,RU,1615661762
Kaitangata,-46.2817,169.8464,51.01,92,4,7.0,NZ,1615661763
Thompson,55.7435,-97.8558,19.4,53,20,16.11,CA,1615661764
Alice Springs,-23.7,133.8833,64.4,100,90,12.66,AU,1615661766
Ürümqi,43.801,87.6005,30.2,100,90,4.47,CN,1615661767
Vila do Maio,15.1333,-23.2167,80.6,24,0,16.11,CV,1615661768
Florianópolis,-27.6146,-48.5012,84.2,65,20,11.5,BR,1615661526
Snåase,64.2457,12.3778,29.28,86,100,3.94,NO,1615661770
Half Moon Bay,37.4636,-122.4286,55.0,76,90,12.66,US,1615661772
Itarema,-2.9248,-39.9167,83.25,69,54,12.77,BR,1615661773
Shaturtorf,55.5672,39.4169,23.29,93,100,10.8,RU,1615661774
Chipata,-13.6333,32.65,65.17,97,100,3.87,ZM,1615661775
São José da Coroa Grande,-8.8978,-35.1478,81.52,71,48,11.07,BR,1615661534
Grand Gaube,-20.0064,57.6608,78.01,79,100,4.0,MU,1615661644
Mwinilunga,-11.7358,24.4293,64.51,96,83,2.62,ZM,1615661779
Caravelas,-17.7125,-39.2481,82.09,63,0,8.84,BR,1615661780
Chute-aux-Outardes,49.1168,-68.399,24.8,33,1,11.5,CA,1615661782
George Town,5.4112,100.3354,80.6,88,40,3.44,MY,1615661783
Cockburn Town,21.4612,-71.1419,78.8,65,40,16.11,TC,1615661784
Whitewater,42.8336,-88.7323,55.0,46,100,4.0,US,1615661785
Nuevo Casas Grandes,30.4167,-107.9167,54.0,11,0,24.0,MX,1615661787
Hargeisa,9.56,44.065,67.62,73,0,6.2,SO,1615661788
Talara,-4.5772,-81.2719,91.4,49,0,12.66,PE,1615661789
Río Gallegos,-51.6226,-69.2181,60.8,16,0,25.32,AR,1615661790
Rosario,-32.9468,-60.6393,95.0,39,40,8.05,AR,1615661728
Barinas,8.6226,-70.2075,86.0,45,100,4.61,VE,1615661793
Longyearbyen,78.2186,15.6401,-4.11,93,77,5.28,SJ,1615661794
Yerofey Pavlovich,53.9667,121.9667,25.66,97,99,2.82,RU,1615661795
Kalmunai,7.4167,81.8167,78.22,84,13,7.02,LK,1615661797
Moussoro,13.6408,16.4901,93.76,7,0,9.8,TD,1615661798
Roald,62.5833,6.1333,39.2,75,0,5.75,NO,1615661799
Srednekolymsk,67.45,153.6833,-25.89,100,92,1.83,RU,1615661800
Constanța,44.1833,28.65,37.4,100,75,1.14,RO,1615661802
Nanortalik,60.1432,-45.2371,28.33,68,100,9.57,GL,1615661650
Kholtoson,50.2981,103.3097,38.28,47,100,10.09,RU,1615661804
Coyhaique,-45.5752,-72.0662,69.8,40,0,6.91,CL,1615661805
Yuanping,38.7153,112.7575,45.37,84,100,1.5,CN,1615661807
Markova,48.6758,24.4138,41.0,65,0,4.47,UA,1615661808
Abu Samrah,35.3029,37.1841,52.92,45,0,4.03,SY,1615661809
Tiarei,-17.5333,-149.3333,84.2,70,20,3.44,PF,1615661810
Nome,64.5011,-165.4064,8.6,72,90,24.16,US,1615661812
Isangel,-19.55,169.2667,73.4,100,75,5.75,VU,1615661813
Gunnedah,-30.9833,150.25,69.01,94,7,1.39,AU,1615661814
Leningradskiy,69.3833,178.4167,15.35,77,100,7.4,RU,1615661816
Luanda,-8.8368,13.2343,82.4,83,40,8.05,AO,1615661817
São Filipe,14.8961,-24.4956,72.41,70,0,4.25,CV,1615661818
Narrabri,-30.3167,149.7833,75.2,69,90,16.11,AU,1615661819
Batagay-Alyta,67.8006,130.4114,-19.53,83,32,1.14,RU,1615661821
Quelimane,-17.8786,36.8883,75.15,94,0,4.05,MZ,1615661822
Kiryat Shmona,33.2073,35.5721,60.8,63,0,6.91,IL,1615661823
Mossoró,-5.1875,-37.3442,89.6,58,40,14.97,BR,1615661824
Kloulklubed,7.0419,134.2556,75.2,94,75,1.72,PW,1615661826
Kirksville,40.1948,-92.5833,55.99,41,1,13.8,US,1615661827
Kasongo-Lunda,-6.4667,16.8167,76.12,80,99,1.48,CD,1615661828
Bethel,41.3712,-73.414,44.6,23,1,14.97,US,1615661830
Banda Aceh,5.5577,95.3222,79.59,76,100,2.57,ID,1615661703
Baoro,5.6667,15.9667,79.7,50,98,4.52,CF,1615661832
Ruteng,-8.6136,120.4721,62.56,92,83,0.2,ID,1615661833
Marystown,47.1666,-55.1483,31.68,90,97,17.16,CA,1615661834
Antalaha,-14.9003,50.2788,75.69,82,79,8.03,MG,1615661836
Mar del Plata,-38.0023,-57.5575,73.4,64,0,11.5,AR,1615661837
Gijang,35.2442,129.2139,44.6,81,20,3.44,KR,1615661838
Anadyr,64.75,177.4833,23.0,86,20,20.13,RU,1615661840
Saskylakh,71.9167,114.0833,-6.63,89,0,8.55,RU,1615661841
Vardø,70.3705,31.1107,25.34,87,100,8.88,NO,1615661842
Traverse City,44.7631,-85.6206,46.4,36,20,20.71,US,1615661610
Tilichiki,60.4667,166.1,3.38,89,100,10.8,RU,1615661574
Rawson,-43.3002,-65.1023,70.07,51,20,20.11,AR,1615661792
Daru,-9.0763,143.2092,79.03,87,100,6.06,PG,1615661847
Loandjili,-4.7561,11.8578,84.2,84,75,9.22,CG,1615661848
Isiro,2.7739,27.616,74.91,61,0,3.2,CD,1615661849
Pio IX,-6.8375,-40.5792,83.59,57,100,6.8,BR,1615661851
Carutapera,-1.195,-46.02,80.08,88,100,6.49,BR,1615661852
Ixtapa,20.7,-105.2,77.0,57,1,9.22,MX,1615661853
Ahipara,-35.1667,173.1667,59.49,91,2,4.9,NZ,1615661854
Chilakalūrupet,16.0833,80.1667,71.44,73,0,3.09,IN,1615661856
Coquimbo,-29.9533,-71.3436,68.0,64,0,12.66,CL,1615661857
Hastings,50.8552,0.5729,43.0,61,100,5.99,GB,1615661858
Porto-Novo,6.4965,2.6036,86.0,74,40,13.8,BJ,1615661860
Moindou,-21.6924,165.677,71.6,83,40,1.14,NC,1615661861
El Salvador,13.8333,-88.9167,89.6,35,40,8.05,SV,1615661736
Sisimiut,66.9395,-53.6735,15.35,89,98,5.79,GL,1615661655
Røros,62.5747,11.3842,15.8,79,100,2.3,NO,1615661864
Antigonish,45.6169,-61.9986,28.0,77,100,8.99,CA,1615661843
Mossamedes,-15.1961,12.1522,75.51,81,6,10.92,AO,1615661658
Te Anau,-45.4167,167.7167,54.75,76,72,6.96,NZ,1615661868
Saint-Augustin,51.226,-58.6502,30.0,80,100,22.41,CA,1615661869
Tabas,33.5959,56.9244,44.38,46,0,8.52,IR,1615661705
Suoyarvi,62.0833,32.35,32.41,97,100,9.13,RU,1615661871
Edd,13.9297,41.6925,85.01,53,0,17.87,ER,1615661873
Mariehamn,60.0973,19.9348,32.0,100,90,4.61,AX,1615661874
Genhe,50.7833,121.5167,19.31,91,0,4.18,CN,1615661875
Uthal,25.8072,66.6219,74.52,52,0,7.65,PK,1615661877
Noumea,-22.2763,166.4572,71.6,83,40,1.14,NC,1615661878
Cidreira,-30.1811,-50.2056,76.96,73,0,10.45,BR,1615661879
Kantunilkín,21.0917,-87.45,82.4,51,40,10.36,MX,1615661881
Opuwo,-18.0607,13.84,70.68,72,3,4.27,NA,1615661882
Copiapó,-27.3667,-70.3333,69.8,64,75,3.44,CL,1615661883
Eyl,7.9803,49.8164,77.86,86,85,13.04,SO,1615661884
Lerwick,60.1545,-1.1494,44.6,76,75,21.85,GB,1615661886
Surenavan,39.75,44.8,33.8,64,84,2.3,AM,1615661887
Touros,-5.1989,-35.4608,86.0,62,40,16.11,BR,1615661888
Benguela,-12.5763,13.4055,80.64,81,100,2.21,AO,1615661890
Kununurra,-15.7667,128.7333,78.8,100,100,5.84,AU,1615661891
Bubaque,11.2833,-15.8333,78.28,67,100,15.57,GW,1615661892
Sambava,-14.2667,50.1667,78.44,78,100,12.26,MG,1615661893
Berbera,10.4396,45.0143,78.49,80,0,6.8,SO,1615661895
Jiuquan,39.7432,98.5174,47.62,26,0,6.55,CN,1615661896
Ngunguru,-35.6167,174.5,57.0,95,0,5.01,NZ,1615661897
Mnogovershinnyy,53.9353,139.9242,18.01,91,0,5.44,RU,1615661899
Port Macquarie,-31.4333,152.9167,68.0,100,28,7.58,AU,1615661900
Lamesa,32.7376,-101.951,77.0,52,100,5.99,US,1615661901
Kavaratti,10.5669,72.642,83.16,66,2,4.5,IN,1615661902
The Valley,18.217,-63.0578,84.2,69,20,9.22,AI,1615661904
Attingal,8.6833,76.8333,84.2,70,20,3.44,IN,1615661905
Portland,45.5234,-122.6762,55.0,55,17,1.99,US,1615661635
Afonso Bezerra,-5.4983,-36.5056,87.35,54,100,11.18,BR,1615661907
Hailey,43.5196,-114.3153,44.01,33,1,8.05,US,1615661909
Kui Buri,12.0828,99.8543,75.65,86,9,5.35,TH,1615661910
Celestún,20.8667,-90.4,82.96,53,0,10.45,MX,1615661911
Ilulissat,69.2167,-51.1,8.6,66,75,10.36,GL,1615661912
Suntar,62.1444,117.6319,12.25,92,72,7.38,RU,1615661914
Puerto del Rosario,28.5004,-13.8627,66.2,72,40,16.11,ES,1615661785
Coahuayana Viejo,18.7333,-103.6833,86.0,32,1,7.43,MX,1615661916
Carora,10.1755,-70.0827,88.66,34,81,5.5,VE,1615661917
Katangli,51.7102,143.2326,27.19,94,33,8.34,RU,1615661918
Kaili,-3.4626,120.2147,67.08,90,82,1.92,ID,1615661920
Maturin,9.75,-63.1767,80.64,78,99,7.18,VE,1615661921
Turinskaya Sloboda,57.6232,64.3858,10.13,88,0,7.83,RU,1615661922
Kaohsiung City,22.6163,120.3133,69.8,73,40,2.3,TW,1615661665
Neuquén,-38.9516,-68.0591,89.6,22,0,6.91,AR,1615661790
Kirakira,-10.4544,161.9205,78.44,88,100,10.58,SB,1615661926
Lucapa,-8.4192,20.7447,68.97,91,100,3.0,AO,1615661927
Huarmey,-10.0681,-78.1522,77.88,69,3,10.45,PE,1615661928
Sumbawanga,-7.9667,31.6167,64.4,72,20,1.3,TZ,1615661929
Igarka,67.4667,86.5833,-28.14,95,5,8.63,RU,1615661931
Oranjemund,-28.55,16.4333,67.46,81,0,8.43,NA,1615661932
San Cataldo,37.4841,13.9854,46.99,89,0,3.0,IT,1615661933
Iqaluit,63.7506,-68.5145,-11.0,64,40,16.11,CA,1615661935
Conakry,9.538,-13.6773,86.0,54,71,9.22,GN,1615661936
Belmonte,-15.8631,-38.8828,86.0,66,20,6.91,BR,1615661937
Saint George,37.1041,-113.5841,44.01,93,90,3.44,US,1615661904
Parkhill,43.1501,-81.6831,43.0,69,0,8.01,CA,1615661939
Griffith,41.5284,-87.4237,55.99,30,1,1.34,US,1615661941
Morehead,37.2711,-87.1764,55.0,43,90,5.75,US,1615661942
Itoman,26.1247,127.6694,64.4,72,75,8.05,JP,1615661943
Burgeo,47.6167,-57.6152,28.17,70,85,20.36,CA,1615661945
Jiangyou,31.7667,104.7167,61.57,68,100,3.53,CN,1615661946
Treinta y Tres,-33.2333,-54.3833,78.96,50,8,7.05,UY,1615661947
Along,28.1667,94.7667,62.33,89,100,2.91,IN,1615661948
Voh,-20.9667,164.7,72.57,90,18,4.88,NC,1615661950
Bengkulu,-3.8004,102.2655,76.23,81,100,5.1,ID,1615661947
Smithers,54.7804,-127.1743,46.4,61,90,5.75,CA,1615661779
Itaituba,-4.2761,-55.9836,77.0,94,90,4.07,BR,1615661953
Sari,36.5633,53.0601,39.2,81,75,11.5,IR,1615661954
Morant Bay,17.8815,-76.4093,82.99,65,40,9.22,JM,1615661956
Provideniya,64.3833,-173.3,29.16,96,100,32.41,RU,1615661905
Trofors,65.5333,13.4063,37.4,70,90,2.3,NO,1615661958
Effingham County,32.3669,-81.3332,84.99,28,40,6.91,US,1615661959
Pangody,65.85,74.4859,-11.79,78,100,9.69,RU,1615661960
Dwārka,22.2394,68.9678,77.43,68,0,9.66,IN,1615661962
Vilcún,-38.65,-72.2333,73.4,60,0,4.61,CL,1615661963
Sitka,57.0531,-135.33,30.2,64,40,17.27,US,1615661964
Aktau,43.65,51.2,24.8,46,0,8.95,KZ,1615661966
Port Elizabeth,-33.918,25.5701,71.6,73,0,24.16,ZA,1615661957
Meulaboh,4.1363,96.1285,74.1,89,100,6.17,ID,1615661668
Pīshvā,35.308,51.7267,39.2,60,0,9.22,IR,1615661969
Marsá Maţrūḩ,31.3525,27.2453,59.0,67,75,11.5,EG,1615661970
Kavieng,-2.5744,150.7967,81.14,67,15,3.91,PG,1615661972
Omboué,-1.5746,9.2618,79.23,80,100,5.64,GA,1615661973
Mahon,39.8885,4.2658,53.6,76,0,8.05,ES,1615661974
Tual,-5.6667,132.75,81.48,78,100,11.39,ID,1615661975
Novosergiyevka,52.0934,53.6528,2.17,92,0,4.7,RU,1615661977
Manaus,-3.1019,-60.025,84.2,74,75,6.91,BR,1615661705
Ismailia,30.6043,32.2723,59.47,61,0,8.12,EG,1615661979
Heraclea,37.5133,34.0467,45.28,58,86,2.08,TR,1615661980
Eureka,40.8021,-124.1637,54.0,76,90,4.12,US,1615661981
Bonavista,48.6499,-53.1147,42.8,49,80,10.36,CA,1615661983
Christchurch,-43.5333,172.6333,57.99,94,0,11.5,NZ,1615661984
Athabasca,54.7169,-113.2854,39.2,56,64,8.05,CA,1615661976
Oktyabr'skiy,54.4815,53.471,2.28,90,0,9.06,RU,1615661986
Bataiporã,-22.2953,-53.2711,90.95,43,0,3.15,BR,1615661988
Batemans Bay,-35.7167,150.1833,60.01,93,100,10.0,AU,1615661847
Nikolskoye,59.7035,30.7861,37.4,81,20,6.71,RU,1615661972
Salamiyah,35.0113,37.0532,51.48,54,0,3.4,SY,1615661991
Broken Hill,-31.95,141.4333,51.8,76,40,17.27,AU,1615661992
Abadan,38.0507,58.2056,23.0,93,90,6.91,TM,1615661994
Krutikha,53.9599,81.2093,-5.67,94,0,8.48,RU,1615661995
Adrar,20.5022,-10.0711,74.21,11,0,8.99,MR,1615661996
Loíza,18.4313,-65.8802,82.4,65,40,12.66,PR,1615661914
Port-Gentil,-0.7193,8.7815,80.6,83,20,4.61,GA,1615661999
Loknya,56.83,30.1467,33.8,94,99,9.35,RU,1615662000
Tasiilaq,65.6145,-37.6368,21.2,79,75,20.71,GL,1615662004
Erátyra,40.35,21.5167,53.6,43,57,4.61,GR,1615662006
Zhigansk,66.7697,123.3711,6.96,95,100,11.32,RU,1615662007
Chuguyevka,44.1653,133.8633,25.68,75,48,0.85,RU,1615662009
Shingū,33.7333,135.9833,44.01,83,0,5.66,JP,1615662011
Wanning,18.8003,110.3967,70.56,94,17,4.52,CN,1615662012
Kisangani,0.5167,25.2,75.52,77,100,4.0,CD,1615661953
Durazno,-33.4131,-56.5006,84.2,28,20,9.22,UY,1615662015
Syriam,16.7722,96.2378,78.8,78,64,3.44,MM,1615662016
Hobbs,32.7026,-103.136,77.0,38,20,27.63,US,1615661940
Baghlan,36.1307,68.7083,44.55,80,100,8.46,AF,1615662018
Padang,-0.9492,100.3543,77.95,86,87,3.49,ID,1615662019
Palmer,42.1584,-72.3287,45.0,24,1,10.36,US,1615661962
Huilong,31.8111,121.655,50.0,88,0,4.94,CN,1615662022
Teavaro,-17.5,-149.7667,84.2,70,20,3.44,PF,1615662023
Socorro,31.6546,-106.3033,55.99,22,1,14.97,US,1615662024
Bouna,9.2667,-3.0,87.96,16,100,2.04,CI,1615662026
Naze,28.3667,129.4833,57.94,71,93,9.84,JP,1615661906
Santa Vitória do Palmar,-33.5189,-53.3681,74.43,62,58,8.63,BR,1615662028
Briceño,7.111,-75.5515,73.92,79,73,4.27,CO,1615662016
Nahrin,36.0649,69.1334,45.16,84,100,6.51,AF,1615662030
Oranjestad,12.524,-70.027,84.2,61,75,14.97,AW,1615662032
Charleston,32.7766,-79.9309,75.0,52,1,20.71,US,1615661857
Angoche,-16.2325,39.9086,78.94,84,2,3.31,MZ,1615662034
Iwanai,42.9744,140.5089,35.47,72,100,3.18,JP,1615662035
Yeppoon,-23.1333,150.7333,75.2,83,90,3.44,AU,1615662037
Waingapu,-9.6567,120.2641,78.08,86,100,2.28,ID,1615662018
Khanbari,27.3747,87.2039,63.39,45,100,2.04,NP,1615662039
Grand-Santi,4.25,-54.3833,87.33,54,29,4.14,GF,1615662040
Mocuba,-16.8392,36.9856,72.75,98,30,3.11,MZ,1615662041
Kommunisticheskiy,61.6789,64.4819,11.82,88,0,8.39,RU,1615662043
Ewo,-0.8725,14.8206,79.99,69,80,3.96,CG,1615662044
Sechura,-5.5569,-80.8222,85.71,51,0,10.38,PE,1615662045
Lisala,2.15,21.5167,70.43,96,97,3.91,CD,1615662046
Galveston,29.3669,-94.9669,77.0,73,1,13.8,US,1615662048
Verkhnyaya Inta,65.9811,60.3094,14.47,86,98,20.15,RU,1615662049
Sydney,-33.8679,151.2073,72.0,94,75,19.57,AU,1615661844
Souillac,-20.5167,57.5167,80.6,78,40,6.91,MU,1615662051
Bambanglipuro,-7.95,110.2833,76.55,80,96,4.65,ID,1615662023
Follonica,42.9263,10.7616,55.99,87,0,5.75,IT,1615662054
Korla,41.7597,86.1469,52.07,35,45,6.04,CN,1615662055
Norman Wells,65.282,-126.8329,-9.4,70,20,5.75,CA,1615661900
Concarneau,47.875,-3.9225,44.6,76,75,13.8,FR,1615662057
Kamenka,51.3223,42.7678,24.01,83,100,8.01,RU,1615662059
Port-Cartier,50.0334,-66.8654,28.4,40,20,12.66,CA,1615662060
Maceió,-9.6658,-35.7353,84.2,65,40,20.71,BR,1615662061
Champerico,14.3,-91.9167,89.6,62,40,6.91,GT,1615662021
Jiayuguan City,39.8167,98.3,43.16,31,0,2.57,CN,1615662064
Terrace,54.5163,-128.6035,35.6,100,90,9.22,CA,1615662065
Encruzilhada,-15.5314,-40.9094,81.48,50,0,9.8,BR,1615662066
Lufilufi,-13.8745,-171.5986,73.4,100,20,3.44,WS,1615662068
Huangnihe,43.5583,128.0239,31.1,88,0,3.74,CN,1615662069
Abonnema,4.7084,6.7931,75.2,100,75,4.61,NG,1615662070
Aromashevo,56.8602,68.6375,16.88,94,100,6.46,RU,1615662071
Borova,50.1763,30.1043,37.4,87,0,4.47,UA,1615662073
Boa Vista,2.8197,-60.6733,80.6,69,75,6.91,BR,1615662027
Envira,-7.3,-70.2167,84.47,76,43,3.42,BR,1615662075
St. George's,12.0564,-61.7485,82.4,74,75,17.27,GD,1615662076
Mehamn,71.0357,27.8492,21.52,91,100,6.06,NO,1615662078
Salihorsk,52.7876,27.5415,34.43,95,100,7.49,BY,1615662079
Corn Island,12.1694,-83.0418,79.57,76,8,13.85,NI,1615662080
Madera,37.1666,-119.8343,57.99,59,0,1.99,US,1615662081
Visby,57.6409,18.296,35.6,93,40,9.22,SE,1615662083
Nishihara,26.1842,127.7558,64.4,63,40,5.06,JP,1615662084
Yulara,-25.2406,130.9889,66.2,72,90,12.66,AU,1615662085
Vao,-22.6667,167.4833,76.3,76,56,15.82,NC,1615662087
Ust'-Kan,50.9276,84.761,-10.95,84,0,2.04,RU,1615662088
Nabire,-3.3667,135.4833,74.25,88,100,3.83,ID,1615662089
Namatanai,-3.6667,152.4333,78.6,76,19,3.98,PG,1615662090
Abidjan,5.3094,-4.0197,82.4,89,20,8.05,CI,1615661794
Riyadh,24.6877,46.7219,71.6,23,24,5.75,SA,1615662093
Fengzhen,40.4394,113.1536,39.76,70,100,6.17,CN,1615662094
Lubao,14.9167,120.55,78.8,78,40,4.61,PH,1615662095
Tambovka,50.0969,128.0489,39.2,45,0,11.18,RU,1615662096
Mareeba,-17.0,145.4333,77.0,78,35,6.91,AU,1615662098
Rangāpāra,26.8167,92.65,72.12,45,100,2.33,IN,1615662099
Sarkand,45.41,79.9186,21.78,93,100,2.13,KZ,1615662100
Malm,64.0721,11.2172,39.0,64,0,6.91,NO,1615662102
Olhão,37.0286,-7.8411,64.4,42,0,10.36,PT,1615662103
Esperance,-33.8667,121.9,50.0,76,51,5.75,AU,1615661931
Kysyl-Syr,63.8986,122.7617,11.08,94,99,8.41,RU,1615662105
Taltal,-25.4,-70.4833,71.73,73,27,7.38,CL,1615661969
Maunabo,18.0072,-65.8993,82.0,72,40,3.0,PR,1615662108
Moerai,-22.4333,-151.3333,80.19,74,99,9.08,PF,1615662057
Necochea,-38.5473,-58.7368,82.99,50,3,1.99,AR,1615661941
Peniche,39.3558,-9.3811,55.99,70,0,8.01,PT,1615662111
Peruíbe,-24.32,-46.9983,80.96,77,32,7.94,BR,1615662112
Miandrivazo,-19.5167,45.4667,78.71,59,0,3.47,MG,1615662114
Tukums,56.9669,23.1553,35.6,93,20,10.36,LV,1615662115
Muros,42.7762,-9.0603,55.0,77,1,3.0,ES,1615662047
Manta,-0.95,-80.7333,84.2,79,75,6.91,EC,1615662079
Lamu,-2.2717,40.902,78.8,83,1,6.91,KE,1615662118
Malartic,48.1335,-78.1328,17.6,73,90,13.8,CA,1615662120
Tubualá,9.5167,-79.0333,90.0,45,20,13.8,PA,1615662121
Sinazongwe,-17.2614,27.4618,76.14,69,0,3.62,ZM,1615662122
Goundam,16.4145,-3.6708,77.83,20,0,10.22,ML,1615662124
Del Rio,29.3627,-100.8968,78.8,65,90,16.11,US,1615662125
Vranje,42.5514,21.9003,45.0,75,3,2.24,RS,1615662126
Mana,5.6592,-53.7767,80.94,77,50,6.91,GF,1615662127
Zatoka,46.0725,30.4654,35.6,100,90,5.7,UA,1615662129
Kapuskasing,49.4169,-82.4331,32.0,74,100,19.57,CA,1615662130
Seoul,37.5683,126.9778,41.0,93,0,2.3,KR,1615661974
Malbork,54.0359,19.0266,44.01,100,100,17.29,PL,1615662132
Bimbo,4.2567,18.4158,82.4,61,20,3.44,CF,1615662072
Okhotsk,59.3833,143.3,-4.85,65,0,11.7,RU,1615662135
Uglovoye,44.8215,33.6045,43.0,51,100,3.0,UA,1615662136
San Roque,36.2107,-5.3842,60.8,72,20,1.14,ES,1615662137
Bowen,-20.0167,148.2333,73.4,94,40,3.44,AU,1615662138
Paamiut,61.994,-49.6678,18.43,59,100,9.13,GL,1615662140
Bar Harbor,44.3876,-68.2039,39.0,32,1,12.66,US,1615662141
Susanville,40.4163,-120.653,51.8,25,1,3.44,US,1615662142
Sohag,26.557,31.6948,69.8,28,0,14.97,EG,1615662144
Wausau,44.9591,-89.6301,57.2,33,1,19.57,US,1615662145
Güstrow,53.7972,12.1734,43.0,93,75,8.05,DE,1615662146
Yibin,28.7667,104.6238,69.67,53,100,1.92,CN,1615662147
Calvinia,-31.4707,19.776,69.46,37,0,8.79,ZA,1615662149
Benidorm,38.5382,-0.131,59.0,86,24,5.68,ES,1615662150
Ignacio Zaragoza,28.3833,-107.2167,63.14,5,0,41.88,MX,1615662151
Sabang,5.8933,95.3214,81.99,73,48,5.32,ID,1615662152
Djibouti,11.5,42.5,80.6,74,20,5.75,DJ,1615662137
Codrington,-38.2667,141.9667,51.12,66,5,8.48,AU,1615662155
Ol'khovatka,50.2831,39.2872,28.72,94,100,11.79,RU,1615662156
Zinder,13.8072,8.9881,95.0,14,0,4.61,NE,1615662157
Yarmouth,41.7057,-70.2286,44.6,31,1,10.36,US,1615662158
Katobu,-4.9408,122.5276,75.49,89,59,0.34,ID,1615662160
Lakes Entrance,-37.8811,147.981,55.0,85,100,1.01,AU,1615662161
Destin,30.3935,-86.4958,73.99,78,1,8.05,US,1615662162
Tessalit,20.1986,1.0114,72.7,30,0,11.16,ML,1615662101
Santa Isabel Rio Negro,-0.4139,-65.0192,85.55,59,100,4.14,BR,1615662165
Assiniboia,49.6334,-105.9845,51.8,22,0,6.91,CA,1615662166
Vievis,54.7667,24.8,35.01,93,75,10.36,LT,1615662167
San Luis,-33.295,-66.3356,79.99,44,62,8.46,AR,1615662168
Muravlenko,63.7898,74.523,9.75,95,100,9.35,RU,1615662170
Mogadishu,2.0371,45.3438,79.41,84,0,19.71,SO,1615662067
Prome,18.8167,95.2167,76.48,38,0,2.8,MM,1615662172
Energetik,51.7445,58.7934,5.65,84,0,3.65,RU,1615662174
Amalāpuram,16.5833,82.0167,68.68,85,0,1.77,IN,1615662175
Bulgan,48.8125,103.5347,39.7,36,100,7.07,MN,1615662177
Nísia Floresta,-6.0911,-35.2086,86.0,65,40,18.41,BR,1615662178
Ryabovo,59.4,31.1333,37.4,81,20,6.71,RU,1615662179
Chiredzi,-21.05,31.6667,71.65,83,9,4.81,ZW,1615662133
Fort Nelson,58.8053,-122.7002,5.0,72,90,13.8,CA,1615662008
Boysun,38.2061,67.1986,40.19,90,100,9.46,UZ,1615662183
Diu,20.7141,70.9822,75.83,50,0,12.19,IN,1615662184
Hervey Bay,-25.2986,152.8535,70.0,92,49,7.0,AU,1615661963
Forsytheganj,52.6333,29.7333,36.07,95,100,12.95,BY,1615662113
Benghazi,32.1167,20.0667,60.17,60,100,15.28,LY,1615662188
Tinyahuarco,-10.75,-76.3,49.82,71,100,5.82,PE,1615662189
Shaowu,27.3409,117.4831,54.09,96,3,0.83,CN,1615662191
